ID,FirstName,LastName,Email,City,Country
1,Chris,Davis,chris.davis1@example.com,Toronto,Canada
2,Emily,Miller,emily.miller2@example.com,Toronto,Canada
3,Chris,Brown,chris.brown3@example.com,Cairo,Egypt
4,Jane,Davis,jane.davis4@example.com,Cairo,Egypt
5,David,Garcia,david.garcia5@example.com,New York,USA
6,Sarah,Davis,sarah.davis6@example.com,Paris,France
7,Jane,Jones,jane.jones7@example.com,New York,USA
8,Michael,Doe,michael.doe8@example.com,São Paulo,Brazil
9,Michael,Smith,michael.smith9@example.com,Toronto,Canada
10,Laura,Davis,laura.davis10@example.com,Berlin,Germany
11,Laura,Wilson,laura.wilson11@example.com,Sydney,Australia
12,David,Miller,david.miller12@example.com,Paris,France
13,Katie,Smith,katie.smith13@example.com,Mumbai,India
14,Emily,Brown,emily.brown14@example.com,Cairo,Egypt
15,David,Miller,david.miller15@example.com,Mumbai,India
16,Alex,Wilson,alex.wilson16@example.com,London,UK
17,Jane,Wilson,jane.wilson17@example.com,Sydney,Australia
18,Jane,Johnson,jane.johnson18@example.com,São Paulo,Brazil
19,David,Doe,david.doe19@example.com,Tokyo,Japan
20,Katie,Jones,katie.jones20@example.com,London,UK
21,Katie,Williams,katie.williams21@example.com,Mumbai,India
22,Sarah,Brown,sarah.brown22@example.com,London,UK
23,Sarah,Johnson,sarah.johnson23@example.com,London,UK
24,Chris,Doe,chris.doe24@example.com,Tokyo,Japan
25,Katie,Wilson,katie.wilson25@example.com,Toronto,Canada
26,Sarah,Smith,sarah.smith26@example.com,Berlin,Germany
27,John,Brown,john.brown27@example.com,Cairo,Egypt
28,Alex,Johnson,alex.johnson28@example.com,Berlin,Germany
29,Sarah,Garcia,sarah.garcia29@example.com,Tokyo,Japan
30,Michael,Wilson,michael.wilson30@example.com,Tokyo,Japan
31,Emily,Garcia,emily.garcia31@example.com,Berlin,Germany
32,Alex,Williams,alex.williams32@example.com,Paris,France
33,Laura,Miller,laura.miller33@example.com,Sydney,Australia
34,John,Garcia,john.garcia34@example.com,Tokyo,Japan
35,Laura,Davis,laura.davis35@example.com,Mumbai,India
36,Jane,Johnson,jane.johnson36@example.com,Tokyo,Japan
37,David,Miller,david.miller37@example.com,Toronto,Canada
38,Laura,Miller,laura.miller38@example.com,Berlin,Germany
39,John,Garcia,john.garcia39@example.com,São Paulo,Brazil
40,Chris,Davis,chris.davis40@example.com,Cairo,Egypt
41,Laura,Williams,laura.williams41@example.com,London,UK
42,Alex,Wilson,alex.wilson42@example.com,Cairo,Egypt
43,Jane,Brown,jane.brown43@example.com,London,UK
44,Katie,Garcia,katie.garcia44@example.com,Paris,France
45,Katie,Jones,katie.jones45@example.com,São Paulo,Brazil
46,David,Jones,david.jones46@example.com,Toronto,Canada
47,Chris,Davis,chris.davis47@example.com,Cairo,Egypt
48,Michael,Miller,michael.miller48@example.com,São Paulo,Brazil
49,Emily,Miller,emily.miller49@example.com,Paris,France
50,Katie,Doe,katie.doe50@example.com,Paris,France
51,Laura,Garcia,laura.garcia51@example.com,Berlin,Germany
52,Katie,Smith,katie.smith52@example.com,São Paulo,Brazil
53,Emily,Williams,emily.williams53@example.com,Mumbai,India
54,Alex,Brown,alex.brown54@example.com,Berlin,Germany
55,Alex,Doe,alex.doe55@example.com,Sydney,Australia
56,John,Miller,john.miller56@example.com,Mumbai,India
57,Katie,Smith,katie.smith57@example.com,Sydney,Australia
58,John,Brown,john.brown58@example.com,Mumbai,India
59,Chris,Wilson,chris.wilson59@example.com,New York,USA
60,Emily,Johnson,emily.johnson60@example.com,London,UK
61,Laura,Smith,laura.smith61@example.com,New York,USA
62,Chris,Miller,chris.miller62@example.com,São Paulo,Brazil
63,John,Wilson,john.wilson63@example.com,New York,USA
64,David,Davis,david.davis64@example.com,Paris,France
65,Jane,Garcia,jane.garcia65@example.com,Tokyo,Japan
66,Emily,Smith,emily.smith66@example.com,São Paulo,Brazil
67,Laura,Johnson,laura.johnson67@example.com,Toronto,Canada
68,Laura,Davis,laura.davis68@example.com,New York,USA
69,David,Jones,david.jones69@example.com,Sydney,Australia
70,Alex,Smith,alex.smith70@example.com,Mumbai,India
71,Katie,Garcia,katie.garcia71@example.com,New York,USA
72,Alex,Williams,alex.williams72@example.com,Tokyo,Japan
73,Katie,Smith,katie.smith73@example.com,New York,USA
74,Laura,Williams,laura.williams74@example.com,Mumbai,India
75,Michael,Brown,michael.brown75@example.com,London,UK
76,Alex,Johnson,alex.johnson76@example.com,London,UK
77,Michael,Davis,michael.davis77@example.com,New York,USA
78,David,Davis,david.davis78@example.com,Mumbai,India
79,Michael,Jones,michael.jones79@example.com,Toronto,Canada
80,Jane,Garcia,jane.garcia80@example.com,Paris,France
81,Katie,Jones,katie.jones81@example.com,Mumbai,India
82,Alex,Smith,alex.smith82@example.com,Sydney,Australia
83,Sarah,Smith,sarah.smith83@example.com,New York,USA
84,Laura,Jones,laura.jones84@example.com,Tokyo,Japan
85,Laura,Davis,laura.davis85@example.com,Paris,France
86,Jane,Garcia,jane.garcia86@example.com,Sydney,Australia
87,Laura,Doe,laura.doe87@example.com,Cairo,Egypt
88,David,Williams,david.williams88@example.com,Sydney,Australia
89,Michael,Jones,michael.jones89@example.com,São Paulo,Brazil
90,Jane,Wilson,jane.wilson90@example.com,Paris,France
91,Laura,Brown,laura.brown91@example.com,New York,USA
92,Sarah,Davis,sarah.davis92@example.com,Mumbai,India
93,Alex,Jones,alex.jones93@example.com,Tokyo,Japan
94,Michael,Johnson,michael.johnson94@example.com,Berlin,Germany
95,Jane,Johnson,jane.johnson95@example.com,New York,USA
96,David,Jones,david.jones96@example.com,Cairo,Egypt
97,Katie,Miller,katie.miller97@example.com,Mumbai,India
98,David,Wilson,david.wilson98@example.com,New York,USA
99,Jane,Williams,jane.williams99@example.com,Paris,France
100,Alex,Jones,alex.jones100@example.com,New York,USA
101,John,Davis,john.davis101@example.com,New York,USA
102,Sarah,Doe,sarah.doe102@example.com,Berlin,Germany
103,Jane,Smith,jane.smith103@example.com,Cairo,Egypt
104,Alex,Garcia,alex.garcia104@example.com,São Paulo,Brazil
105,Katie,Smith,katie.smith105@example.com,São Paulo,Brazil
106,Laura,Brown,laura.brown106@example.com,London,UK
107,Laura,Doe,laura.doe107@example.com,Sydney,Australia
108,Katie,Doe,katie.doe108@example.com,Tokyo,Japan
109,Emily,Williams,emily.williams109@example.com,Paris,France
110,Sarah,Doe,sarah.doe110@example.com,London,UK
111,Michael,Wilson,michael.wilson111@example.com,Sydney,Australia
112,Sarah,Miller,sarah.miller112@example.com,Mumbai,India
113,Emily,Smith,emily.smith113@example.com,London,UK
114,Chris,Davis,chris.davis114@example.com,London,UK
115,Alex,Jones,alex.jones115@example.com,Paris,France
116,Katie,Wilson,katie.wilson116@example.com,London,UK
117,Michael,Johnson,michael.johnson117@example.com,Cairo,Egypt
118,Laura,Davis,laura.davis118@example.com,Berlin,Germany
119,John,Doe,john.doe119@example.com,Cairo,Egypt
120,Jane,Brown,jane.brown120@example.com,Paris,France
121,Chris,Davis,chris.davis121@example.com,Tokyo,Japan
122,Chris,Johnson,chris.johnson122@example.com,Toronto,Canada
123,David,Brown,david.brown123@example.com,Paris,France
124,Michael,Smith,michael.smith124@example.com,São Paulo,Brazil
125,John,Brown,john.brown125@example.com,Paris,France
126,Katie,Miller,katie.miller126@example.com,São Paulo,Brazil
127,Laura,Wilson,laura.wilson127@example.com,Sydney,Australia
128,Jane,Miller,jane.miller128@example.com,Paris,France
129,Laura,Miller,laura.miller129@example.com,São Paulo,Brazil
130,Alex,Smith,alex.smith130@example.com,Cairo,Egypt
131,David,Garcia,david.garcia131@example.com,Toronto,Canada
132,Laura,Smith,laura.smith132@example.com,Tokyo,Japan
133,Jane,Johnson,jane.johnson133@example.com,Sydney,Australia
134,Emily,Williams,emily.williams134@example.com,Mumbai,India
135,Jane,Davis,jane.davis135@example.com,London,UK
136,John,Williams,john.williams136@example.com,Paris,France
137,Jane,Jones,jane.jones137@example.com,New York,USA
138,Emily,Wilson,emily.wilson138@example.com,New York,USA
139,Jane,Garcia,jane.garcia139@example.com,London,UK
140,Alex,Brown,alex.brown140@example.com,New York,USA
141,Emily,Davis,emily.davis141@example.com,Tokyo,Japan
142,Michael,Miller,michael.miller142@example.com,Tokyo,Japan
143,Jane,Davis,jane.davis143@example.com,Mumbai,India
144,Michael,Miller,michael.miller144@example.com,São Paulo,Brazil
145,David,Davis,david.davis145@example.com,Toronto,Canada
146,Alex,Miller,alex.miller146@example.com,Sydney,Australia
147,Laura,Garcia,laura.garcia147@example.com,New York,USA
148,Alex,Garcia,alex.garcia148@example.com,Toronto,Canada
149,Emily,Williams,emily.williams149@example.com,Mumbai,India
150,Jane,Miller,jane.miller150@example.com,New York,USA
151,Chris,Williams,chris.williams151@example.com,Sydney,Australia
152,Chris,Johnson,chris.johnson152@example.com,London,UK
153,Jane,Wilson,jane.wilson153@example.com,Berlin,Germany
154,Katie,Miller,katie.miller154@example.com,Toronto,Canada
155,Laura,Garcia,laura.garcia155@example.com,New York,USA
156,Laura,Smith,laura.smith156@example.com,Toronto,Canada
157,Sarah,Wilson,sarah.wilson157@example.com,New York,USA
158,Jane,Williams,jane.williams158@example.com,London,UK
159,Jane,Miller,jane.miller159@example.com,Tokyo,Japan
160,Sarah,Williams,sarah.williams160@example.com,Paris,France
161,Michael,Williams,michael.williams161@example.com,Mumbai,India
162,Katie,Miller,katie.miller162@example.com,São Paulo,Brazil
163,David,Doe,david.doe163@example.com,Paris,France
164,Alex,Johnson,alex.johnson164@example.com,London,UK
165,Emily,Smith,emily.smith165@example.com,Toronto,Canada
166,Alex,Garcia,alex.garcia166@example.com,Paris,France
167,John,Miller,john.miller167@example.com,Mumbai,India
168,Jane,Williams,jane.williams168@example.com,Berlin,Germany
169,Michael,Johnson,michael.johnson169@example.com,Paris,France
170,Katie,Wilson,katie.wilson170@example.com,New York,USA
171,Laura,Jones,laura.jones171@example.com,Cairo,Egypt
172,Chris,Smith,chris.smith172@example.com,Sydney,Australia
173,Laura,Davis,laura.davis173@example.com,New York,USA
174,Chris,Johnson,chris.johnson174@example.com,Cairo,Egypt
175,Katie,Jones,katie.jones175@example.com,Paris,France
176,David,Wilson,david.wilson176@example.com,Toronto,Canada
177,Michael,Brown,michael.brown177@example.com,Tokyo,Japan
178,Katie,Davis,katie.davis178@example.com,Toronto,Canada
179,Michael,Garcia,michael.garcia179@example.com,New York,USA
180,John,Miller,john.miller180@example.com,Paris,France
181,Emily,Miller,emily.miller181@example.com,São Paulo,Brazil
182,David,Johnson,david.johnson182@example.com,Cairo,Egypt
183,Sarah,Doe,sarah.doe183@example.com,Cairo,Egypt
184,Michael,Miller,michael.miller184@example.com,Cairo,Egypt
185,Alex,Davis,alex.davis185@example.com,Cairo,Egypt
186,Katie,Miller,katie.miller186@example.com,Mumbai,India
187,Laura,Wilson,laura.wilson187@example.com,São Paulo,Brazil
188,Michael,Davis,michael.davis188@example.com,Berlin,Germany
189,Michael,Johnson,michael.johnson189@example.com,Berlin,Germany
190,Chris,Williams,chris.williams190@example.com,Cairo,Egypt
191,Sarah,Johnson,sarah.johnson191@example.com,Toronto,Canada
192,Emily,Davis,emily.davis192@example.com,São Paulo,Brazil
193,Katie,Johnson,katie.johnson193@example.com,Cairo,Egypt
194,Sarah,Williams,sarah.williams194@example.com,Cairo,Egypt
195,John,Garcia,john.garcia195@example.com,New York,USA
196,Emily,Johnson,emily.johnson196@example.com,Cairo,Egypt
197,Sarah,Smith,sarah.smith197@example.com,Mumbai,India
198,Sarah,Garcia,sarah.garcia198@example.com,Paris,France
199,Emily,Wilson,emily.wilson199@example.com,New York,USA
200,Emily,Smith,emily.smith200@example.com,Sydney,Australia
201,Michael,Garcia,michael.garcia201@example.com,Berlin,Germany
202,David,Garcia,david.garcia202@example.com,New York,USA
203,Alex,Miller,alex.miller203@example.com,Toronto,Canada
204,Michael,Brown,michael.brown204@example.com,São Paulo,Brazil
205,Katie,Doe,katie.doe205@example.com,Mumbai,India
206,David,Doe,david.doe206@example.com,New York,USA
207,Chris,Williams,chris.williams207@example.com,Paris,France
208,John,Doe,john.doe208@example.com,Berlin,Germany
209,Chris,Wilson,chris.wilson209@example.com,Berlin,Germany
210,Sarah,Johnson,sarah.johnson210@example.com,Toronto,Canada
211,Michael,Smith,michael.smith211@example.com,Berlin,Germany
212,Emily,Wilson,emily.wilson212@example.com,Mumbai,India
213,David,Wilson,david.wilson213@example.com,New York,USA
214,Sarah,Garcia,sarah.garcia214@example.com,Paris,France
215,Chris,Johnson,chris.johnson215@example.com,Tokyo,Japan
216,John,Smith,john.smith216@example.com,New York,USA
217,Sarah,Johnson,sarah.johnson217@example.com,Mumbai,India
218,John,Williams,john.williams218@example.com,Sydney,Australia
219,Michael,Jones,michael.jones219@example.com,Toronto,Canada
220,Michael,Brown,michael.brown220@example.com,Sydney,Australia
221,Emily,Smith,emily.smith221@example.com,São Paulo,Brazil
222,David,Brown,david.brown222@example.com,Cairo,Egypt
223,Katie,Davis,katie.davis223@example.com,Paris,France
224,Sarah,Williams,sarah.williams224@example.com,Sydney,Australia
225,Sarah,Johnson,sarah.johnson225@example.com,São Paulo,Brazil
226,Alex,Jones,alex.jones226@example.com,Paris,France
227,Laura,Johnson,laura.johnson227@example.com,Mumbai,India
228,Sarah,Miller,sarah.miller228@example.com,Cairo,Egypt
229,Emily,Brown,emily.brown229@example.com,Paris,France
230,Michael,Miller,michael.miller230@example.com,Toronto,Canada
231,Emily,Jones,emily.jones231@example.com,Tokyo,Japan
232,David,Wilson,david.wilson232@example.com,Mumbai,India
233,Jane,Williams,jane.williams233@example.com,New York,USA
234,Katie,Jones,katie.jones234@example.com,Cairo,Egypt
235,Emily,Williams,emily.williams235@example.com,Tokyo,Japan
236,Laura,Miller,laura.miller236@example.com,New York,USA
237,Michael,Garcia,michael.garcia237@example.com,Tokyo,Japan
238,Michael,Doe,michael.doe238@example.com,Sydney,Australia
239,John,Garcia,john.garcia239@example.com,Toronto,Canada
240,Emily,Brown,emily.brown240@example.com,Paris,France
241,Michael,Wilson,michael.wilson241@example.com,Cairo,Egypt
242,Jane,Doe,jane.doe242@example.com,Tokyo,Japan
243,Laura,Jones,laura.jones243@example.com,Tokyo,Japan
244,John,Johnson,john.johnson244@example.com,Sydney,Australia
245,Emily,Wilson,emily.wilson245@example.com,Paris,France
246,Katie,Miller,katie.miller246@example.com,Berlin,Germany
247,Michael,Davis,michael.davis247@example.com,London,UK
248,David,Jones,david.jones248@example.com,Toronto,Canada
249,Chris,Davis,chris.davis249@example.com,São Paulo,Brazil
250,John,Williams,john.williams250@example.com,Paris,France
251,Michael,Miller,michael.miller251@example.com,Tokyo,Japan
252,Michael,Johnson,michael.johnson252@example.com,Berlin,Germany
253,Katie,Garcia,katie.garcia253@example.com,Paris,France
254,Sarah,Smith,sarah.smith254@example.com,Berlin,Germany
255,David,Brown,david.brown255@example.com,Berlin,Germany
256,Katie,Smith,katie.smith256@example.com,London,UK
257,Jane,Wilson,jane.wilson257@example.com,São Paulo,Brazil
258,David,Miller,david.miller258@example.com,London,UK
259,Alex,Johnson,alex.johnson259@example.com,São Paulo,Brazil
260,Sarah,Williams,sarah.williams260@example.com,Cairo,Egypt
261,Jane,Davis,jane.davis261@example.com,Cairo,Egypt
262,Katie,Doe,katie.doe262@example.com,Sydney,Australia
263,Michael,Johnson,michael.johnson263@example.com,Toronto,Canada
264,Chris,Brown,chris.brown264@example.com,Sydney,Australia
265,Sarah,Brown,sarah.brown265@example.com,London,UK
266,David,Garcia,david.garcia266@example.com,London,UK
267,Chris,Jones,chris.jones267@example.com,Tokyo,Japan
268,Sarah,Garcia,sarah.garcia268@example.com,London,UK
269,Laura,Miller,laura.miller269@example.com,New York,USA
270,Alex,Davis,alex.davis270@example.com,Berlin,Germany
271,Jane,Williams,jane.williams271@example.com,Berlin,Germany
272,Laura,Davis,laura.davis272@example.com,Paris,France
273,Katie,Doe,katie.doe273@example.com,Berlin,Germany
274,Laura,Jones,laura.jones274@example.com,São Paulo,Brazil
275,David,Williams,david.williams275@example.com,New York,USA
276,David,Davis,david.davis276@example.com,Sydney,Australia
277,Sarah,Smith,sarah.smith277@example.com,São Paulo,Brazil
278,Laura,Jones,laura.jones278@example.com,Toronto,Canada
279,Sarah,Smith,sarah.smith279@example.com,London,UK
280,Laura,Garcia,laura.garcia280@example.com,Tokyo,Japan
281,David,Brown,david.brown281@example.com,Mumbai,India
282,David,Smith,david.smith282@example.com,Paris,France
283,David,Brown,david.brown283@example.com,Cairo,Egypt
284,Chris,Miller,chris.miller284@example.com,Toronto,Canada
285,Emily,Davis,emily.davis285@example.com,Sydney,Australia
286,Emily,Wilson,emily.wilson286@example.com,Paris,France
287,John,Miller,john.miller287@example.com,London,UK
288,Laura,Doe,laura.doe288@example.com,Paris,France
289,Michael,Williams,michael.williams289@example.com,Berlin,Germany
290,Jane,Williams,jane.williams290@example.com,São Paulo,Brazil
291,David,Jones,david.jones291@example.com,London,UK
292,Emily,Johnson,emily.johnson292@example.com,Sydney,Australia
293,Emily,Brown,emily.brown293@example.com,Cairo,Egypt
294,Michael,Wilson,michael.wilson294@example.com,Sydney,Australia
295,Emily,Wilson,emily.wilson295@example.com,São Paulo,Brazil
296,Jane,Miller,jane.miller296@example.com,São Paulo,Brazil
297,Chris,Williams,chris.williams297@example.com,London,UK
298,Chris,Garcia,chris.garcia298@example.com,Sydney,Australia
299,Jane,Williams,jane.williams299@example.com,Tokyo,Japan
300,Alex,Johnson,alex.johnson300@example.com,Tokyo,Japan
301,John,Smith,john.smith301@example.com,Tokyo,Japan
302,Laura,Wilson,laura.wilson302@example.com,Cairo,Egypt
303,Jane,Brown,jane.brown303@example.com,New York,USA
304,Michael,Garcia,michael.garcia304@example.com,São Paulo,Brazil
305,Michael,Brown,michael.brown305@example.com,New York,USA
306,Michael,Wilson,michael.wilson306@example.com,London,UK
307,John,Doe,john.doe307@example.com,São Paulo,Brazil
308,David,Garcia,david.garcia308@example.com,New York,USA
309,Laura,Davis,laura.davis309@example.com,Mumbai,India
310,Emily,Brown,emily.brown310@example.com,Berlin,Germany
311,Chris,Johnson,chris.johnson311@example.com,Toronto,Canada
312,Katie,Miller,katie.miller312@example.com,Cairo,Egypt
313,Sarah,Davis,sarah.davis313@example.com,Berlin,Germany
314,Sarah,Williams,sarah.williams314@example.com,Cairo,Egypt
315,Sarah,Doe,sarah.doe315@example.com,London,UK
316,Chris,Davis,chris.davis316@example.com,São Paulo,Brazil
317,Alex,Smith,alex.smith317@example.com,Sydney,Australia
318,Katie,Brown,katie.brown318@example.com,New York,USA
319,Sarah,Jones,sarah.jones319@example.com,London,UK
320,John,Brown,john.brown320@example.com,Mumbai,India
321,Michael,Garcia,michael.garcia321@example.com,Berlin,Germany
322,Michael,Jones,michael.jones322@example.com,Paris,France
323,John,Davis,john.davis323@example.com,Paris,France
324,Emily,Williams,emily.williams324@example.com,Toronto,Canada
325,David,Brown,david.brown325@example.com,Berlin,Germany
326,Chris,Williams,chris.williams326@example.com,Tokyo,Japan
327,Sarah,Brown,sarah.brown327@example.com,London,UK
328,Laura,Jones,laura.jones328@example.com,Cairo,Egypt
329,Michael,Williams,michael.williams329@example.com,São Paulo,Brazil
330,John,Davis,john.davis330@example.com,London,UK
331,David,Williams,david.williams331@example.com,Mumbai,India
332,John,Garcia,john.garcia332@example.com,Paris,France
333,David,Johnson,david.johnson333@example.com,Cairo,Egypt
334,Alex,Jones,alex.jones334@example.com,Mumbai,India
335,David,Brown,david.brown335@example.com,Toronto,Canada
336,Chris,Jones,chris.jones336@example.com,Toronto,Canada
337,Chris,Williams,chris.williams337@example.com,São Paulo,Brazil
338,John,Brown,john.brown338@example.com,Mumbai,India
339,David,Doe,david.doe339@example.com,Sydney,Australia
340,Alex,Jones,alex.jones340@example.com,Mumbai,India
341,Sarah,Jones,sarah.jones341@example.com,Toronto,Canada
342,Sarah,Garcia,sarah.garcia342@example.com,Paris,France
343,Michael,Davis,michael.davis343@example.com,London,UK
344,David,Johnson,david.johnson344@example.com,Cairo,Egypt
345,Katie,Jones,katie.jones345@example.com,Tokyo,Japan
346,Sarah,Wilson,sarah.wilson346@example.com,Berlin,Germany
347,John,Jones,john.jones347@example.com,Paris,France
348,Michael,Smith,michael.smith348@example.com,Cairo,Egypt
349,Alex,Williams,alex.williams349@example.com,Paris,France
350,Jane,Smith,jane.smith350@example.com,Paris,France
351,Jane,Wilson,jane.wilson351@example.com,Paris,France
352,Laura,Garcia,laura.garcia352@example.com,London,UK
353,Chris,Garcia,chris.garcia353@example.com,Toronto,Canada
354,Alex,Davis,alex.davis354@example.com,Tokyo,Japan
355,Laura,Wilson,laura.wilson355@example.com,Berlin,Germany
356,Chris,Williams,chris.williams356@example.com,Tokyo,Japan
357,Michael,Miller,michael.miller357@example.com,São Paulo,Brazil
358,Laura,Brown,laura.brown358@example.com,New York,USA
359,Laura,Garcia,laura.garcia359@example.com,Toronto,Canada
360,John,Davis,john.davis360@example.com,Berlin,Germany
361,Emily,Johnson,emily.johnson361@example.com,Mumbai,India
362,Michael,Wilson,michael.wilson362@example.com,Cairo,Egypt
363,Michael,Brown,michael.brown363@example.com,Tokyo,Japan
364,Alex,Smith,alex.smith364@example.com,New York,USA
365,Emily,Doe,emily.doe365@example.com,Paris,France
366,John,Miller,john.miller366@example.com,London,UK
367,John,Doe,john.doe367@example.com,Sydney,Australia
368,Sarah,Johnson,sarah.johnson368@example.com,New York,USA
369,John,Wilson,john.wilson369@example.com,Sydney,Australia
370,John,Johnson,john.johnson370@example.com,São Paulo,Brazil
371,Laura,Smith,laura.smith371@example.com,New York,USA
372,Laura,Doe,laura.doe372@example.com,Mumbai,India
373,David,Davis,david.davis373@example.com,New York,USA
374,Jane,Doe,jane.doe374@example.com,Sydney,Australia
375,Emily,Doe,emily.doe375@example.com,Mumbai,India
376,Laura,Brown,laura.brown376@example.com,São Paulo,Brazil
377,Sarah,Jones,sarah.jones377@example.com,Berlin,Germany
378,Emily,Williams,emily.williams378@example.com,Cairo,Egypt
379,John,Williams,john.williams379@example.com,Paris,France
380,Sarah,Brown,sarah.brown380@example.com,São Paulo,Brazil
381,Alex,Wilson,alex.wilson381@example.com,Mumbai,India
382,Alex,Wilson,alex.wilson382@example.com,Paris,France
383,Emily,Wilson,emily.wilson383@example.com,Sydney,Australia
384,Alex,Williams,alex.williams384@example.com,Toronto,Canada
385,Laura,Johnson,laura.johnson385@example.com,Tokyo,Japan
386,David,Wilson,david.wilson386@example.com,London,UK
387,Alex,Garcia,alex.garcia387@example.com,Cairo,Egypt
388,Jane,Miller,jane.miller388@example.com,Cairo,Egypt
389,David,Jones,david.jones389@example.com,Mumbai,India
390,Jane,Wilson,jane.wilson390@example.com,New York,USA
391,Sarah,Davis,sarah.davis391@example.com,Cairo,Egypt
392,Sarah,Johnson,sarah.johnson392@example.com,New York,USA
393,Katie,Wilson,katie.wilson393@example.com,Toronto,Canada
394,Michael,Miller,michael.miller394@example.com,Toronto,Canada
395,Katie,Smith,katie.smith395@example.com,London,UK
396,Alex,Smith,alex.smith396@example.com,São Paulo,Brazil
397,Jane,Garcia,jane.garcia397@example.com,Berlin,Germany
398,Sarah,Garcia,sarah.garcia398@example.com,London,UK
399,Sarah,Williams,sarah.williams399@example.com,London,UK
400,Laura,Davis,laura.davis400@example.com,Berlin,Germany
401,David,Johnson,david.johnson401@example.com,Toronto,Canada
402,John,Garcia,john.garcia402@example.com,New York,USA
403,Sarah,Johnson,sarah.johnson403@example.com,Tokyo,Japan
404,Laura,Williams,laura.williams404@example.com,New York,USA
405,Jane,Smith,jane.smith405@example.com,Paris,France
406,Michael,Davis,michael.davis406@example.com,London,UK
407,David,Jones,david.jones407@example.com,Cairo,Egypt
408,Chris,Williams,chris.williams408@example.com,Mumbai,India
409,Emily,Garcia,emily.garcia409@example.com,Tokyo,Japan
410,Laura,Jones,laura.jones410@example.com,Paris,France
411,Michael,Johnson,michael.johnson411@example.com,Cairo,Egypt
412,Alex,Smith,alex.smith412@example.com,São Paulo,Brazil
413,Sarah,Jones,sarah.jones413@example.com,Mumbai,India
414,David,Davis,david.davis414@example.com,Mumbai,India
415,Jane,Garcia,jane.garcia415@example.com,London,UK
416,Emily,Doe,emily.doe416@example.com,Tokyo,Japan
417,Jane,Johnson,jane.johnson417@example.com,London,UK
418,Chris,Williams,chris.williams418@example.com,Berlin,Germany
419,Chris,Smith,chris.smith419@example.com,London,UK
420,Jane,Miller,jane.miller420@example.com,Berlin,Germany
421,Emily,Doe,emily.doe421@example.com,Berlin,Germany
422,John,Garcia,john.garcia422@example.com,Sydney,Australia
423,Alex,Johnson,alex.johnson423@example.com,Berlin,Germany
424,Sarah,Williams,sarah.williams424@example.com,London,UK
425,John,Doe,john.doe425@example.com,New York,USA
426,Michael,Garcia,michael.garcia426@example.com,Tokyo,Japan
427,Michael,Wilson,michael.wilson427@example.com,São Paulo,Brazil
428,Emily,Miller,emily.miller428@example.com,Mumbai,India
429,Chris,Smith,chris.smith429@example.com,Tokyo,Japan
430,Laura,Wilson,laura.wilson430@example.com,Tokyo,Japan
431,Alex,Smith,alex.smith431@example.com,Mumbai,India
432,John,Jones,john.jones432@example.com,Paris,France
433,Michael,Garcia,michael.garcia433@example.com,Sydney,Australia
434,Chris,Jones,chris.jones434@example.com,São Paulo,Brazil
435,Sarah,Davis,sarah.davis435@example.com,Cairo,Egypt
436,Jane,Jones,jane.jones436@example.com,Paris,France
437,David,Davis,david.davis437@example.com,Tokyo,Japan
438,John,Garcia,john.garcia438@example.com,São Paulo,Brazil
439,Chris,Doe,chris.doe439@example.com,London,UK
440,Sarah,Johnson,sarah.johnson440@example.com,New York,USA
441,Emily,Williams,emily.williams441@example.com,Cairo,Egypt
442,Alex,Miller,alex.miller442@example.com,Tokyo,Japan
443,Sarah,Williams,sarah.williams443@example.com,Paris,France
444,Laura,Doe,laura.doe444@example.com,Berlin,Germany
445,Emily,Johnson,emily.johnson445@example.com,London,UK
446,Michael,Miller,michael.miller446@example.com,New York,USA
447,Chris,Garcia,chris.garcia447@example.com,London,UK
448,Chris,Smith,chris.smith448@example.com,Tokyo,Japan
449,Sarah,Williams,sarah.williams449@example.com,Cairo,Egypt
450,Katie,Williams,katie.williams450@example.com,São Paulo,Brazil
451,Sarah,Williams,sarah.williams451@example.com,New York,USA
452,Sarah,Garcia,sarah.garcia452@example.com,Cairo,Egypt
453,John,Garcia,john.garcia453@example.com,Cairo,Egypt
454,Katie,Garcia,katie.garcia454@example.com,Berlin,Germany
455,Alex,Davis,alex.davis455@example.com,New York,USA
456,Sarah,Jones,sarah.jones456@example.com,London,UK
457,John,Doe,john.doe457@example.com,London,UK
458,Jane,Jones,jane.jones458@example.com,Sydney,Australia
459,Chris,Doe,chris.doe459@example.com,Sydney,Australia
460,John,Brown,john.brown460@example.com,New York,USA
461,Michael,Davis,michael.davis461@example.com,Paris,France
462,Michael,Smith,michael.smith462@example.com,Tokyo,Japan
463,Laura,Davis,laura.davis463@example.com,Paris,France
464,Michael,Smith,michael.smith464@example.com,Cairo,Egypt
465,Alex,Brown,alex.brown465@example.com,London,UK
466,David,Doe,david.doe466@example.com,Toronto,Canada
467,Emily,Davis,emily.davis467@example.com,New York,USA
468,Jane,Wilson,jane.wilson468@example.com,London,UK
469,Chris,Doe,chris.doe469@example.com,Paris,France
470,Alex,Smith,alex.smith470@example.com,Berlin,Germany
471,Michael,Smith,michael.smith471@example.com,London,UK
472,Emily,Miller,emily.miller472@example.com,Tokyo,Japan
473,Sarah,Williams,sarah.williams473@example.com,São Paulo,Brazil
474,David,Wilson,david.wilson474@example.com,Mumbai,India
475,Katie,Wilson,katie.wilson475@example.com,São Paulo,Brazil
476,Alex,Miller,alex.miller476@example.com,Mumbai,India
477,Michael,Brown,michael.brown477@example.com,Mumbai,India
478,Michael,Brown,michael.brown478@example.com,Sydney,Australia
479,Katie,Miller,katie.miller479@example.com,Sydney,Australia
480,Laura,Jones,laura.jones480@example.com,Paris,France
481,Jane,Jones,jane.jones481@example.com,Cairo,Egypt
482,Michael,Johnson,michael.johnson482@example.com,Sydney,Australia
483,Sarah,Garcia,sarah.garcia483@example.com,London,UK
484,Jane,Miller,jane.miller484@example.com,Toronto,Canada
485,Jane,Miller,jane.miller485@example.com,Berlin,Germany
486,Alex,Smith,alex.smith486@example.com,Cairo,Egypt
487,Alex,Johnson,alex.johnson487@example.com,New York,USA
488,Laura,Wilson,laura.wilson488@example.com,Mumbai,India
489,Alex,Garcia,alex.garcia489@example.com,São Paulo,Brazil
490,Alex,Wilson,alex.wilson490@example.com,Cairo,Egypt
491,David,Davis,david.davis491@example.com,New York,USA
492,Katie,Brown,katie.brown492@example.com,Berlin,Germany
493,Katie,Smith,katie.smith493@example.com,London,UK
494,Alex,Brown,alex.brown494@example.com,Mumbai,India
495,John,Wilson,john.wilson495@example.com,Sydney,Australia
496,Sarah,Garcia,sarah.garcia496@example.com,Tokyo,Japan
497,Katie,Miller,katie.miller497@example.com,Cairo,Egypt
498,Jane,Williams,jane.williams498@example.com,Toronto,Canada
499,David,Johnson,david.johnson499@example.com,Toronto,Canada
500,Laura,Smith,laura.smith500@example.com,Toronto,Canada
501,John,Doe,john.doe501@example.com,Cairo,Egypt
502,Katie,Miller,katie.miller502@example.com,London,UK
503,David,Brown,david.brown503@example.com,Tokyo,Japan
504,Sarah,Garcia,sarah.garcia504@example.com,New York,USA
505,Katie,Brown,katie.brown505@example.com,Sydney,Australia
506,Katie,Wilson,katie.wilson506@example.com,Cairo,Egypt
507,John,Jones,john.jones507@example.com,Paris,France
508,Michael,Wilson,michael.wilson508@example.com,Tokyo,Japan
509,Alex,Wilson,alex.wilson509@example.com,New York,USA
510,Chris,Brown,chris.brown510@example.com,Paris,France
511,John,Jones,john.jones511@example.com,São Paulo,Brazil
512,John,Doe,john.doe512@example.com,São Paulo,Brazil
513,Jane,Garcia,jane.garcia513@example.com,Cairo,Egypt
514,Alex,Miller,alex.miller514@example.com,New York,USA
515,Katie,Smith,katie.smith515@example.com,Toronto,Canada
516,Sarah,Garcia,sarah.garcia516@example.com,Berlin,Germany
517,Laura,Doe,laura.doe517@example.com,Toronto,Canada
518,Jane,Williams,jane.williams518@example.com,New York,USA
519,Laura,Jones,laura.jones519@example.com,Cairo,Egypt
520,Chris,Johnson,chris.johnson520@example.com,São Paulo,Brazil
521,Emily,Miller,emily.miller521@example.com,Berlin,Germany
522,David,Williams,david.williams522@example.com,Mumbai,India
523,Katie,Jones,katie.jones523@example.com,Toronto,Canada
524,Sarah,Smith,sarah.smith524@example.com,Tokyo,Japan
525,David,Brown,david.brown525@example.com,Cairo,Egypt
526,John,Smith,john.smith526@example.com,Tokyo,Japan
527,Michael,Wilson,michael.wilson527@example.com,Toronto,Canada
528,David,Wilson,david.wilson528@example.com,São Paulo,Brazil
529,Michael,Williams,michael.williams529@example.com,Berlin,Germany
530,Michael,Johnson,michael.johnson530@example.com,Mumbai,India
531,Sarah,Brown,sarah.brown531@example.com,London,UK
532,Sarah,Williams,sarah.williams532@example.com,Toronto,Canada
533,Katie,Doe,katie.doe533@example.com,São Paulo,Brazil
534,Emily,Wilson,emily.wilson534@example.com,Mumbai,India
535,Michael,Davis,michael.davis535@example.com,São Paulo,Brazil
536,Chris,Davis,chris.davis536@example.com,Mumbai,India
537,Jane,Garcia,jane.garcia537@example.com,Cairo,Egypt
538,Chris,Wilson,chris.wilson538@example.com,Berlin,Germany
539,David,Davis,david.davis539@example.com,Mumbai,India
540,Emily,Davis,emily.davis540@example.com,Berlin,Germany
541,Laura,Jones,laura.jones541@example.com,Tokyo,Japan
542,Alex,Miller,alex.miller542@example.com,Cairo,Egypt
543,Laura,Garcia,laura.garcia543@example.com,Sydney,Australia
544,Chris,Miller,chris.miller544@example.com,Sydney,Australia
545,Alex,Garcia,alex.garcia545@example.com,Berlin,Germany
546,Laura,Jones,laura.jones546@example.com,Mumbai,India
547,Jane,Davis,jane.davis547@example.com,Paris,France
548,Michael,Jones,michael.jones548@example.com,Sydney,Australia
549,Emily,Wilson,emily.wilson549@example.com,London,UK
550,Emily,Miller,emily.miller550@example.com,Berlin,Germany
551,Laura,Smith,laura.smith551@example.com,London,UK
552,John,Jones,john.jones552@example.com,London,UK
553,Sarah,Williams,sarah.williams553@example.com,London,UK
554,Sarah,Brown,sarah.brown554@example.com,São Paulo,Brazil
555,Chris,Williams,chris.williams555@example.com,Berlin,Germany
556,John,Doe,john.doe556@example.com,New York,USA
557,Laura,Davis,laura.davis557@example.com,New York,USA
558,Michael,Davis,michael.davis558@example.com,São Paulo,Brazil
559,John,Williams,john.williams559@example.com,Mumbai,India
560,Laura,Garcia,laura.garcia560@example.com,Cairo,Egypt
561,Laura,Williams,laura.williams561@example.com,Toronto,Canada
562,Alex,Garcia,alex.garcia562@example.com,New York,USA
563,Michael,Johnson,michael.johnson563@example.com,Tokyo,Japan
564,Laura,Miller,laura.miller564@example.com,São Paulo,Brazil
565,Sarah,Miller,sarah.miller565@example.com,Berlin,Germany
566,David,Doe,david.doe566@example.com,Mumbai,India
567,Alex,Garcia,alex.garcia567@example.com,Mumbai,India
568,Katie,Davis,katie.davis568@example.com,Berlin,Germany
569,David,Brown,david.brown569@example.com,New York,USA
570,Michael,Garcia,michael.garcia570@example.com,São Paulo,Brazil
571,David,Brown,david.brown571@example.com,London,UK
572,Jane,Smith,jane.smith572@example.com,Tokyo,Japan
573,Michael,Davis,michael.davis573@example.com,Toronto,Canada
574,Alex,Jones,alex.jones574@example.com,São Paulo,Brazil
575,Emily,Miller,emily.miller575@example.com,Mumbai,India
576,Katie,Brown,katie.brown576@example.com,London,UK
577,Katie,Williams,katie.williams577@example.com,Toronto,Canada
578,Jane,Doe,jane.doe578@example.com,Paris,France
579,Jane,Jones,jane.jones579@example.com,New York,USA
580,Michael,Jones,michael.jones580@example.com,New York,USA
581,Laura,Williams,laura.williams581@example.com,Sydney,Australia
582,David,Smith,david.smith582@example.com,Cairo,Egypt
583,Katie,Miller,katie.miller583@example.com,Berlin,Germany
584,Katie,Davis,katie.davis584@example.com,Cairo,Egypt
585,Emily,Williams,emily.williams585@example.com,Toronto,Canada
586,Sarah,Johnson,sarah.johnson586@example.com,Berlin,Germany
587,Jane,Brown,jane.brown587@example.com,Paris,France
588,Sarah,Jones,sarah.jones588@example.com,Toronto,Canada
589,Alex,Brown,alex.brown589@example.com,Cairo,Egypt
590,David,Garcia,david.garcia590@example.com,London,UK
591,John,Wilson,john.wilson591@example.com,Sydney,Australia
592,Laura,Johnson,laura.johnson592@example.com,Cairo,Egypt
593,David,Brown,david.brown593@example.com,New York,USA
594,Chris,Davis,chris.davis594@example.com,Sydney,Australia
595,Alex,Doe,alex.doe595@example.com,Cairo,Egypt
596,Sarah,Smith,sarah.smith596@example.com,Cairo,Egypt
597,Michael,Johnson,michael.johnson597@example.com,New York,USA
598,John,Jones,john.jones598@example.com,Cairo,Egypt
599,Jane,Miller,jane.miller599@example.com,São Paulo,Brazil
600,David,Johnson,david.johnson600@example.com,Mumbai,India
601,David,Garcia,david.garcia601@example.com,Paris,France
602,David,Smith,david.smith602@example.com,Paris,France
603,Sarah,Jones,sarah.jones603@example.com,Tokyo,Japan
604,David,Garcia,david.garcia604@example.com,Sydney,Australia
605,Laura,Garcia,laura.garcia605@example.com,Berlin,Germany
606,Alex,Johnson,alex.johnson606@example.com,London,UK
607,Chris,Wilson,chris.wilson607@example.com,São Paulo,Brazil
608,Chris,Brown,chris.brown608@example.com,Mumbai,India
609,John,Brown,john.brown609@example.com,Paris,France
610,David,Brown,david.brown610@example.com,Tokyo,Japan
611,John,Jones,john.jones611@example.com,Sydney,Australia
612,Emily,Smith,emily.smith612@example.com,Mumbai,India
613,David,Jones,david.jones613@example.com,Sydney,Australia
614,Chris,Williams,chris.williams614@example.com,Paris,France
615,Sarah,Smith,sarah.smith615@example.com,Berlin,Germany
616,Katie,Smith,katie.smith616@example.com,Mumbai,India
617,John,Wilson,john.wilson617@example.com,Berlin,Germany
618,Emily,Doe,emily.doe618@example.com,Mumbai,India
619,David,Johnson,david.johnson619@example.com,Tokyo,Japan
620,Emily,Williams,emily.williams620@example.com,London,UK
621,Chris,Williams,chris.williams621@example.com,New York,USA
622,David,Johnson,david.johnson622@example.com,Sydney,Australia
623,Jane,Brown,jane.brown623@example.com,Tokyo,Japan
624,Laura,Johnson,laura.johnson624@example.com,London,UK
625,Michael,Doe,michael.doe625@example.com,London,UK
626,Chris,Smith,chris.smith626@example.com,Paris,France
627,Jane,Johnson,jane.johnson627@example.com,Tokyo,Japan
628,Jane,Garcia,jane.garcia628@example.com,New York,USA
629,Laura,Jones,laura.jones629@example.com,Toronto,Canada
630,Alex,Wilson,alex.wilson630@example.com,Cairo,Egypt
631,John,Williams,john.williams631@example.com,Tokyo,Japan
632,Chris,Johnson,chris.johnson632@example.com,Toronto,Canada
633,Laura,Garcia,laura.garcia633@example.com,Tokyo,Japan
634,Laura,Davis,laura.davis634@example.com,Cairo,Egypt
635,Michael,Smith,michael.smith635@example.com,New York,USA
636,Emily,Garcia,emily.garcia636@example.com,Mumbai,India
637,John,Brown,john.brown637@example.com,São Paulo,Brazil
638,John,Miller,john.miller638@example.com,New York,USA
639,Michael,Williams,michael.williams639@example.com,Berlin,Germany
640,Emily,Jones,emily.jones640@example.com,Mumbai,India
641,Chris,Williams,chris.williams641@example.com,Toronto,Canada
642,Katie,Doe,katie.doe642@example.com,Berlin,Germany
643,Jane,Smith,jane.smith643@example.com,Cairo,Egypt
644,Emily,Wilson,emily.wilson644@example.com,São Paulo,Brazil
645,Sarah,Smith,sarah.smith645@example.com,Cairo,Egypt
646,Alex,Doe,alex.doe646@example.com,Berlin,Germany
647,Michael,Brown,michael.brown647@example.com,London,UK
648,Alex,Miller,alex.miller648@example.com,London,UK
649,David,Doe,david.doe649@example.com,Cairo,Egypt
650,Katie,Miller,katie.miller650@example.com,São Paulo,Brazil
651,Chris,Garcia,chris.garcia651@example.com,Sydney,Australia
652,Emily,Jones,emily.jones652@example.com,Berlin,Germany
653,David,Miller,david.miller653@example.com,Sydney,Australia
654,John,Doe,john.doe654@example.com,Tokyo,Japan
655,Alex,Doe,alex.doe655@example.com,São Paulo,Brazil
656,John,Williams,john.williams656@example.com,São Paulo,Brazil
657,Emily,Garcia,emily.garcia657@example.com,Tokyo,Japan
658,David,Wilson,david.wilson658@example.com,Tokyo,Japan
659,Chris,Jones,chris.jones659@example.com,Tokyo,Japan
660,Emily,Wilson,emily.wilson660@example.com,São Paulo,Brazil
661,Emily,Smith,emily.smith661@example.com,New York,USA
662,Sarah,Wilson,sarah.wilson662@example.com,Berlin,Germany
663,Michael,Garcia,michael.garcia663@example.com,Toronto,Canada
664,Laura,Doe,laura.doe664@example.com,Mumbai,India
665,David,Doe,david.doe665@example.com,São Paulo,Brazil
666,Chris,Doe,chris.doe666@example.com,London,UK
667,Michael,Johnson,michael.johnson667@example.com,São Paulo,Brazil
668,Alex,Doe,alex.doe668@example.com,Sydney,Australia
669,Jane,Jones,jane.jones669@example.com,New York,USA
670,Katie,Wilson,katie.wilson670@example.com,São Paulo,Brazil
671,Katie,Garcia,katie.garcia671@example.com,São Paulo,Brazil
672,Jane,Jones,jane.jones672@example.com,Mumbai,India
673,Katie,Smith,katie.smith673@example.com,New York,USA
674,Jane,Miller,jane.miller674@example.com,Berlin,Germany
675,Jane,Davis,jane.davis675@example.com,Mumbai,India
676,Laura,Wilson,laura.wilson676@example.com,Sydney,Australia
677,David,Jones,david.jones677@example.com,Sydney,Australia
678,Jane,Davis,jane.davis678@example.com,Sydney,Australia
679,Chris,Williams,chris.williams679@example.com,Tokyo,Japan
680,John,Wilson,john.wilson680@example.com,Cairo,Egypt
681,Jane,Garcia,jane.garcia681@example.com,Toronto,Canada
682,Sarah,Miller,sarah.miller682@example.com,Cairo,Egypt
683,Laura,Smith,laura.smith683@example.com,Toronto,Canada
684,David,Wilson,david.wilson684@example.com,Berlin,Germany
685,Jane,Doe,jane.doe685@example.com,New York,USA
686,Laura,Smith,laura.smith686@example.com,Cairo,Egypt
687,Chris,Wilson,chris.wilson687@example.com,Toronto,Canada
688,Michael,Doe,michael.doe688@example.com,Mumbai,India
689,Katie,Wilson,katie.wilson689@example.com,Cairo,Egypt
690,Alex,Smith,alex.smith690@example.com,Cairo,Egypt
691,Chris,Brown,chris.brown691@example.com,Berlin,Germany
692,Jane,Wilson,jane.wilson692@example.com,Mumbai,India
693,David,Doe,david.doe693@example.com,São Paulo,Brazil
694,Jane,Jones,jane.jones694@example.com,Paris,France
695,Katie,Wilson,katie.wilson695@example.com,London,UK
696,Laura,Wilson,laura.wilson696@example.com,Cairo,Egypt
697,Michael,Davis,michael.davis697@example.com,São Paulo,Brazil
698,Emily,Johnson,emily.johnson698@example.com,Paris,France
699,Alex,Brown,alex.brown699@example.com,Sydney,Australia
700,John,Wilson,john.wilson700@example.com,London,UK
701,David,Jones,david.jones701@example.com,São Paulo,Brazil
702,Sarah,Jones,sarah.jones702@example.com,New York,USA
703,Katie,Brown,katie.brown703@example.com,Sydney,Australia
704,Michael,Williams,michael.williams704@example.com,São Paulo,Brazil
705,Michael,Davis,michael.davis705@example.com,Cairo,Egypt
706,Sarah,Davis,sarah.davis706@example.com,Tokyo,Japan
707,Chris,Garcia,chris.garcia707@example.com,London,UK
708,Chris,Miller,chris.miller708@example.com,Toronto,Canada
709,Chris,Wilson,chris.wilson709@example.com,Berlin,Germany
710,Chris,Smith,chris.smith710@example.com,Sydney,Australia
711,Laura,Johnson,laura.johnson711@example.com,Cairo,Egypt
712,Michael,Johnson,michael.johnson712@example.com,São Paulo,Brazil
713,John,Garcia,john.garcia713@example.com,São Paulo,Brazil
714,Katie,Garcia,katie.garcia714@example.com,Toronto,Canada
715,Chris,Wilson,chris.wilson715@example.com,London,UK
716,David,Smith,david.smith716@example.com,Berlin,Germany
717,David,Miller,david.miller717@example.com,Tokyo,Japan
718,Katie,Smith,katie.smith718@example.com,Paris,France
719,Laura,Wilson,laura.wilson719@example.com,Mumbai,India
720,Emily,Smith,emily.smith720@example.com,Berlin,Germany
721,Sarah,Johnson,sarah.johnson721@example.com,New York,USA
722,David,Davis,david.davis722@example.com,London,UK
723,Michael,Doe,michael.doe723@example.com,Paris,France
724,Laura,Smith,laura.smith724@example.com,Paris,France
725,David,Williams,david.williams725@example.com,Toronto,Canada
726,Katie,Garcia,katie.garcia726@example.com,Cairo,Egypt
727,John,Miller,john.miller727@example.com,Paris,France
728,John,Williams,john.williams728@example.com,Mumbai,India
729,David,Williams,david.williams729@example.com,São Paulo,Brazil
730,Sarah,Garcia,sarah.garcia730@example.com,São Paulo,Brazil
731,Chris,Davis,chris.davis731@example.com,Toronto,Canada
732,John,Brown,john.brown732@example.com,New York,USA
733,Chris,Smith,chris.smith733@example.com,Tokyo,Japan
734,David,Smith,david.smith734@example.com,São Paulo,Brazil
735,John,Johnson,john.johnson735@example.com,Mumbai,India
736,Alex,Garcia,alex.garcia736@example.com,Paris,France
737,Katie,Miller,katie.miller737@example.com,Sydney,Australia
738,John,Johnson,john.johnson738@example.com,Paris,France
739,Jane,Garcia,jane.garcia739@example.com,Paris,France
740,Sarah,Doe,sarah.doe740@example.com,Berlin,Germany
741,Laura,Garcia,laura.garcia741@example.com,Mumbai,India
742,Sarah,Brown,sarah.brown742@example.com,Toronto,Canada
743,Jane,Miller,jane.miller743@example.com,Cairo,Egypt
744,Laura,Wilson,laura.wilson744@example.com,Tokyo,Japan
745,Sarah,Johnson,sarah.johnson745@example.com,Toronto,Canada
746,John,Doe,john.doe746@example.com,New York,USA
747,Emily,Brown,emily.brown747@example.com,Sydney,Australia
748,Michael,Williams,michael.williams748@example.com,São Paulo,Brazil
749,Emily,Garcia,emily.garcia749@example.com,Sydney,Australia
750,Chris,Johnson,chris.johnson750@example.com,Toronto,Canada
751,Alex,Brown,alex.brown751@example.com,São Paulo,Brazil
752,Sarah,Garcia,sarah.garcia752@example.com,Paris,France
753,Chris,Doe,chris.doe753@example.com,Cairo,Egypt
754,Jane,Garcia,jane.garcia754@example.com,Paris,France
755,Alex,Davis,alex.davis755@example.com,Tokyo,Japan
756,Katie,Doe,katie.doe756@example.com,Berlin,Germany
757,Chris,Wilson,chris.wilson757@example.com,New York,USA
758,David,Doe,david.doe758@example.com,São Paulo,Brazil
759,David,Miller,david.miller759@example.com,São Paulo,Brazil
760,Alex,Brown,alex.brown760@example.com,Berlin,Germany
761,John,Brown,john.brown761@example.com,Paris,France
762,Jane,Miller,jane.miller762@example.com,London,UK
763,John,Williams,john.williams763@example.com,Cairo,Egypt
764,Jane,Garcia,jane.garcia764@example.com,Tokyo,Japan
765,Sarah,Jones,sarah.jones765@example.com,Sydney,Australia
766,David,Smith,david.smith766@example.com,Tokyo,Japan
767,David,Brown,david.brown767@example.com,Toronto,Canada
768,Katie,Miller,katie.miller768@example.com,Toronto,Canada
769,Michael,Wilson,michael.wilson769@example.com,Berlin,Germany
770,David,Brown,david.brown770@example.com,Sydney,Australia
771,Chris,Smith,chris.smith771@example.com,New York,USA
772,David,Davis,david.davis772@example.com,New York,USA
773,Laura,Brown,laura.brown773@example.com,New York,USA
774,Sarah,Wilson,sarah.wilson774@example.com,Mumbai,India
775,Emily,Jones,emily.jones775@example.com,Toronto,Canada
776,Sarah,Johnson,sarah.johnson776@example.com,São Paulo,Brazil
777,Michael,Davis,michael.davis777@example.com,New York,USA
778,Jane,Smith,jane.smith778@example.com,Paris,France
779,Sarah,Williams,sarah.williams779@example.com,Toronto,Canada
780,John,Jones,john.jones780@example.com,Toronto,Canada
781,Laura,Johnson,laura.johnson781@example.com,Paris,France
782,Katie,Johnson,katie.johnson782@example.com,New York,USA
783,Chris,Brown,chris.brown783@example.com,Toronto,Canada
784,John,Jones,john.jones784@example.com,Toronto,Canada
785,Michael,Doe,michael.doe785@example.com,Sydney,Australia
786,Alex,Garcia,alex.garcia786@example.com,Berlin,Germany
787,Alex,Johnson,alex.johnson787@example.com,Cairo,Egypt
788,Jane,Garcia,jane.garcia788@example.com,New York,USA
789,David,Smith,david.smith789@example.com,London,UK
790,John,Garcia,john.garcia790@example.com,São Paulo,Brazil
791,Chris,Miller,chris.miller791@example.com,Sydney,Australia
792,Michael,Miller,michael.miller792@example.com,Paris,France
793,Katie,Garcia,katie.garcia793@example.com,Tokyo,Japan
794,Alex,Brown,alex.brown794@example.com,New York,USA
795,John,Wilson,john.wilson795@example.com,Sydney,Australia
796,Michael,Brown,michael.brown796@example.com,Cairo,Egypt
797,Michael,Garcia,michael.garcia797@example.com,Toronto,Canada
798,David,Johnson,david.johnson798@example.com,Sydney,Australia
799,Katie,Doe,katie.doe799@example.com,Mumbai,India
800,Alex,Miller,alex.miller800@example.com,Toronto,Canada
801,Chris,Williams,chris.williams801@example.com,Paris,France
802,Sarah,Jones,sarah.jones802@example.com,Tokyo,Japan
803,Chris,Doe,chris.doe803@example.com,Sydney,Australia
804,Katie,Brown,katie.brown804@example.com,Mumbai,India
805,John,Doe,john.doe805@example.com,Sydney,Australia
806,Sarah,Williams,sarah.williams806@example.com,São Paulo,Brazil
807,Alex,Williams,alex.williams807@example.com,New York,USA
808,David,Williams,david.williams808@example.com,Toronto,Canada
809,Alex,Wilson,alex.wilson809@example.com,Cairo,Egypt
810,Michael,Brown,michael.brown810@example.com,Sydney,Australia
811,Chris,Brown,chris.brown811@example.com,New York,USA
812,Katie,Johnson,katie.johnson812@example.com,London,UK
813,Laura,Wilson,laura.wilson813@example.com,São Paulo,Brazil
814,Katie,Jones,katie.jones814@example.com,São Paulo,Brazil
815,Jane,Miller,jane.miller815@example.com,London,UK
816,Alex,Davis,alex.davis816@example.com,Tokyo,Japan
817,David,Doe,david.doe817@example.com,London,UK
818,Laura,Miller,laura.miller818@example.com,Berlin,Germany
819,David,Williams,david.williams819@example.com,Sydney,Australia
820,Chris,Williams,chris.williams820@example.com,Berlin,Germany
821,Sarah,Davis,sarah.davis821@example.com,London,UK
822,John,Garcia,john.garcia822@example.com,New York,USA
823,Jane,Miller,jane.miller823@example.com,Mumbai,India
824,Jane,Garcia,jane.garcia824@example.com,Mumbai,India
825,Chris,Doe,chris.doe825@example.com,London,UK
826,Sarah,Johnson,sarah.johnson826@example.com,Tokyo,Japan
827,Sarah,Johnson,sarah.johnson827@example.com,Mumbai,India
828,David,Doe,david.doe828@example.com,New York,USA
829,David,Williams,david.williams829@example.com,London,UK
830,Laura,Miller,laura.miller830@example.com,Tokyo,Japan
831,Michael,Wilson,michael.wilson831@example.com,Berlin,Germany
832,David,Johnson,david.johnson832@example.com,Toronto,Canada
833,Michael,Brown,michael.brown833@example.com,London,UK
834,Laura,Brown,laura.brown834@example.com,Toronto,Canada
835,Michael,Johnson,michael.johnson835@example.com,Sydney,Australia
836,Jane,Wilson,jane.wilson836@example.com,Paris,France
837,Laura,Jones,laura.jones837@example.com,Tokyo,Japan
838,Chris,Davis,chris.davis838@example.com,New York,USA
839,John,Williams,john.williams839@example.com,Paris,France
840,Emily,Williams,emily.williams840@example.com,Sydney,Australia
841,Emily,Williams,emily.williams841@example.com,Berlin,Germany
842,Laura,Smith,laura.smith842@example.com,Paris,France
843,David,Williams,david.williams843@example.com,Cairo,Egypt
844,Chris,Jones,chris.jones844@example.com,Mumbai,India
845,Emily,Smith,emily.smith845@example.com,Paris,France
846,David,Jones,david.jones846@example.com,Paris,France
847,Sarah,Davis,sarah.davis847@example.com,Mumbai,India
848,Jane,Garcia,jane.garcia848@example.com,Tokyo,Japan
849,Katie,Smith,katie.smith849@example.com,Mumbai,India
850,David,Doe,david.doe850@example.com,New York,USA
851,David,Davis,david.davis851@example.com,Tokyo,Japan
852,Laura,Brown,laura.brown852@example.com,Toronto,Canada
853,Michael,Davis,michael.davis853@example.com,Mumbai,India
854,John,Wilson,john.wilson854@example.com,New York,USA
855,Laura,Smith,laura.smith855@example.com,São Paulo,Brazil
856,David,Johnson,david.johnson856@example.com,São Paulo,Brazil
857,Laura,Wilson,laura.wilson857@example.com,Sydney,Australia
858,Sarah,Smith,sarah.smith858@example.com,Berlin,Germany
859,Katie,Miller,katie.miller859@example.com,London,UK
860,Laura,Brown,laura.brown860@example.com,New York,USA
861,Emily,Smith,emily.smith861@example.com,São Paulo,Brazil
862,Katie,Brown,katie.brown862@example.com,London,UK
863,Michael,Davis,michael.davis863@example.com,Tokyo,Japan
864,Emily,Brown,emily.brown864@example.com,Berlin,Germany
865,Alex,Wilson,alex.wilson865@example.com,Mumbai,India
866,Sarah,Johnson,sarah.johnson866@example.com,Berlin,Germany
867,David,Wilson,david.wilson867@example.com,London,UK
868,Chris,Wilson,chris.wilson868@example.com,Mumbai,India
869,Sarah,Jones,sarah.jones869@example.com,Mumbai,India
870,John,Miller,john.miller870@example.com,São Paulo,Brazil
871,Chris,Garcia,chris.garcia871@example.com,Paris,France
872,John,Williams,john.williams872@example.com,Toronto,Canada
873,Katie,Doe,katie.doe873@example.com,Berlin,Germany
874,Jane,Davis,jane.davis874@example.com,Paris,France
875,Laura,Garcia,laura.garcia875@example.com,São Paulo,Brazil
876,Laura,Doe,laura.doe876@example.com,Mumbai,India
877,Emily,Smith,emily.smith877@example.com,London,UK
878,Michael,Brown,michael.brown878@example.com,São Paulo,Brazil
879,Emily,Davis,emily.davis879@example.com,Tokyo,Japan
880,Katie,Wilson,katie.wilson880@example.com,Mumbai,India
881,Michael,Johnson,michael.johnson881@example.com,Tokyo,Japan
882,Laura,Jones,laura.jones882@example.com,London,UK
883,Sarah,Williams,sarah.williams883@example.com,São Paulo,Brazil
884,Chris,Doe,chris.doe884@example.com,New York,USA
885,Jane,Johnson,jane.johnson885@example.com,London,UK
886,Emily,Miller,emily.miller886@example.com,Paris,France
887,Katie,Jones,katie.jones887@example.com,London,UK
888,Sarah,Smith,sarah.smith888@example.com,Sydney,Australia
889,Emily,Brown,emily.brown889@example.com,São Paulo,Brazil
890,David,Garcia,david.garcia890@example.com,Mumbai,India
891,David,Johnson,david.johnson891@example.com,London,UK
892,Katie,Smith,katie.smith892@example.com,Tokyo,Japan
893,David,Jones,david.jones893@example.com,Toronto,Canada
894,Emily,Doe,emily.doe894@example.com,São Paulo,Brazil
895,Alex,Jones,alex.jones895@example.com,Cairo,Egypt
896,Laura,Smith,laura.smith896@example.com,Cairo,Egypt
897,Katie,Miller,katie.miller897@example.com,Tokyo,Japan
898,Emily,Smith,emily.smith898@example.com,Tokyo,Japan
899,Chris,Brown,chris.brown899@example.com,Tokyo,Japan
900,Sarah,Brown,sarah.brown900@example.com,Paris,France
901,Alex,Davis,alex.davis901@example.com,Paris,France
902,Katie,Wilson,katie.wilson902@example.com,Berlin,Germany
903,Katie,Garcia,katie.garcia903@example.com,Paris,France
904,Laura,Smith,laura.smith904@example.com,Paris,France
905,John,Doe,john.doe905@example.com,Mumbai,India
906,Sarah,Brown,sarah.brown906@example.com,Tokyo,Japan
907,Laura,Doe,laura.doe907@example.com,Paris,France
908,Sarah,Wilson,sarah.wilson908@example.com,São Paulo,Brazil
909,Chris,Doe,chris.doe909@example.com,New York,USA
910,Jane,Garcia,jane.garcia910@example.com,Sydney,Australia
911,Sarah,Doe,sarah.doe911@example.com,São Paulo,Brazil
912,David,Doe,david.doe912@example.com,Berlin,Germany
913,Emily,Brown,emily.brown913@example.com,London,UK
914,Alex,Smith,alex.smith914@example.com,Paris,France
915,Sarah,Doe,sarah.doe915@example.com,London,UK
916,Sarah,Wilson,sarah.wilson916@example.com,São Paulo,Brazil
917,John,Miller,john.miller917@example.com,Sydney,Australia
918,Emily,Doe,emily.doe918@example.com,Paris,France
919,Katie,Smith,katie.smith919@example.com,Toronto,Canada
920,Alex,Brown,alex.brown920@example.com,São Paulo,Brazil
921,Alex,Davis,alex.davis921@example.com,Sydney,Australia
922,Alex,Smith,alex.smith922@example.com,Berlin,Germany
923,Katie,Jones,katie.jones923@example.com,Toronto,Canada
924,Laura,Wilson,laura.wilson924@example.com,London,UK
925,Chris,Wilson,chris.wilson925@example.com,Tokyo,Japan
926,Jane,Jones,jane.jones926@example.com,Sydney,Australia
927,Michael,Doe,michael.doe927@example.com,London,UK
928,John,Williams,john.williams928@example.com,São Paulo,Brazil
929,Jane,Williams,jane.williams929@example.com,Toronto,Canada
930,Katie,Doe,katie.doe930@example.com,Mumbai,India
931,David,Smith,david.smith931@example.com,Mumbai,India
932,Emily,Smith,emily.smith932@example.com,Toronto,Canada
933,Michael,Doe,michael.doe933@example.com,Paris,France
934,Alex,Garcia,alex.garcia934@example.com,Berlin,Germany
935,Jane,Johnson,jane.johnson935@example.com,Mumbai,India
936,David,Davis,david.davis936@example.com,Cairo,Egypt
937,Laura,Garcia,laura.garcia937@example.com,Toronto,Canada
938,Michael,Garcia,michael.garcia938@example.com,London,UK
939,Jane,Garcia,jane.garcia939@example.com,São Paulo,Brazil
940,Alex,Johnson,alex.johnson940@example.com,Toronto,Canada
941,John,Brown,john.brown941@example.com,Berlin,Germany
942,Michael,Jones,michael.jones942@example.com,Paris,France
943,Sarah,Williams,sarah.williams943@example.com,Toronto,Canada
944,Laura,Jones,laura.jones944@example.com,London,UK
945,Jane,Williams,jane.williams945@example.com,São Paulo,Brazil
946,Sarah,Williams,sarah.williams946@example.com,São Paulo,Brazil
947,Emily,Smith,emily.smith947@example.com,Tokyo,Japan
948,Michael,Davis,michael.davis948@example.com,New York,USA
949,David,Doe,david.doe949@example.com,London,UK
950,Emily,Wilson,emily.wilson950@example.com,Cairo,Egypt
951,John,Wilson,john.wilson951@example.com,Toronto,Canada
952,Jane,Davis,jane.davis952@example.com,London,UK
953,Jane,Wilson,jane.wilson953@example.com,Tokyo,Japan
954,Chris,Jones,chris.jones954@example.com,Mumbai,India
955,Emily,Doe,emily.doe955@example.com,Sydney,Australia
956,Emily,Doe,emily.doe956@example.com,Berlin,Germany
957,Jane,Doe,jane.doe957@example.com,Paris,France
958,Emily,Doe,emily.doe958@example.com,London,UK
959,Katie,Johnson,katie.johnson959@example.com,Cairo,Egypt
960,Michael,Davis,michael.davis960@example.com,London,UK
961,Emily,Davis,emily.davis961@example.com,Tokyo,Japan
962,David,Smith,david.smith962@example.com,Paris,France
963,Jane,Davis,jane.davis963@example.com,Paris,France
964,Laura,Wilson,laura.wilson964@example.com,Berlin,Germany
965,John,Brown,john.brown965@example.com,Cairo,Egypt
966,Emily,Davis,emily.davis966@example.com,Berlin,Germany
967,Alex,Williams,alex.williams967@example.com,Cairo,Egypt
968,Alex,Miller,alex.miller968@example.com,Mumbai,India
969,Sarah,Williams,sarah.williams969@example.com,Mumbai,India
970,David,Doe,david.doe970@example.com,Sydney,Australia
971,Sarah,Williams,sarah.williams971@example.com,New York,USA
972,Alex,Wilson,alex.wilson972@example.com,Tokyo,Japan
973,Emily,Miller,emily.miller973@example.com,Tokyo,Japan
974,Jane,Davis,jane.davis974@example.com,São Paulo,Brazil
975,Katie,Johnson,katie.johnson975@example.com,São Paulo,Brazil
976,Jane,Jones,jane.jones976@example.com,Berlin,Germany
977,Laura,Garcia,laura.garcia977@example.com,Berlin,Germany
978,Alex,Doe,alex.doe978@example.com,Toronto,Canada
979,David,Johnson,david.johnson979@example.com,São Paulo,Brazil
980,Katie,Garcia,katie.garcia980@example.com,Sydney,Australia
981,Chris,Wilson,chris.wilson981@example.com,London,UK
982,Chris,Johnson,chris.johnson982@example.com,Toronto,Canada
983,Laura,Wilson,laura.wilson983@example.com,Sydney,Australia
984,David,Davis,david.davis984@example.com,Berlin,Germany
985,Alex,Miller,alex.miller985@example.com,New York,USA
986,Emily,Wilson,emily.wilson986@example.com,Paris,France
987,Michael,Johnson,michael.johnson987@example.com,Berlin,Germany
988,Laura,Doe,laura.doe988@example.com,Cairo,Egypt
989,Michael,Brown,michael.brown989@example.com,Berlin,Germany
990,Jane,Jones,jane.jones990@example.com,Cairo,Egypt
991,David,Miller,david.miller991@example.com,London,UK
992,Jane,Davis,jane.davis992@example.com,São Paulo,Brazil
993,Sarah,Jones,sarah.jones993@example.com,Cairo,Egypt
994,Laura,Doe,laura.doe994@example.com,Toronto,Canada
995,Emily,Smith,emily.smith995@example.com,Sydney,Australia
996,Alex,Garcia,alex.garcia996@example.com,São Paulo,Brazil
997,Michael,Johnson,michael.johnson997@example.com,Paris,France
998,Laura,Garcia,laura.garcia998@example.com,Berlin,Germany
999,Laura,Wilson,laura.wilson999@example.com,Mumbai,India
1000,Laura,Jones,laura.jones1000@example.com,New York,USA
